"name","x.mni","y.mni","z.mni","lobe","hemi","index","network","net","name.full"
"31pd_L",-11.2,-52.4,36.5,"Parietal","L",1,"Default","DMN","Area_31pd_L"
"7AL_L",-18.8,-48.7,65,"Parietal","L",2,"SMhand","SMH","Lateral_Area_7A_L"
"4_L1",-51.8,-7.8,38.5,"Frontal","L",3,"SMmouth","SMM","Primary_Motor_Cortex_L"
"SFL_L1",-11.7,26.7,57,"Frontal","L",4,"Default","DMN","Superior_Frontal_Language_Area_L"
"V3A_L",-18.4,-85.5,21.6,"Occipital","L",5,"Visual","VIS","Area_V3A_L"
"PGi_L",-47.2,-58,30.8,"Parietal","L",6,"Default","DMN","Area_PGi_L"
"a9-46v_L",-38.1,48.8,10.5,"Frontal","L",7,"FrontoParietal","FPN","Area_anterior_9-46v_L"
"VMV1_L",-16.8,-60.1,-5.4,"Occipital","L",8,"Visual","VIS","VentroMedial_Visual_Area_1_L"
"TE1p_L1",-55.9,-47.7,-9.3,"Temporal","L",9,"FrontoParietal","FPN","Area_TE1_posterior_L"
"RI_L1",-32,-29.3,15.6,"Parietal","L",10,"Auditory","AUD","RetroInsular_Cortex_L"
"TGd_L1",-29.3,5.3,-27.4,"Temporal","L",11,"None","UNC","Area_TG_dorsal_L"
"RSC_L1",-6.1,-26,28.5,"Parietal","L",12,"CinguloParietal","CPN","RetroSplenial_Complex_L"
"POS1_L",-14.4,-57.8,18.4,"Parietal","L",13,"RetrosplenialTemporal","RTN","Parieto-Occipital_Sulcus_Area_1_L"
"RSC_L2",-8.8,-49.8,4.2,"Parietal","L",14,"RetrosplenialTemporal","RTN","RetroSplenial_Complex_L"
"V1_L1",-11.3,-83.2,3.9,"Occipital","L",15,"Visual","VIS","Primary_Visual_Cortex_L"
"V1_L2",-22,-58.1,1.5,"Occipital","L",16,"Visual","VIS","Primary_Visual_Cortex_L"
"V1_L3",-9.6,-58,3,"Occipital","L",17,"Visual","VIS","Primary_Visual_Cortex_L"
"H_L1",-29,-35.9,-8.3,"Temporal","L",18,"None","UNC","Hippocampus_L"
"H_L2",-18.5,-39.2,-1.1,"Temporal","L",19,"None","UNC","Hippocampus_L"
"ProS_L",-16.7,-46,-3.7,"Parietal","L",20,"Visual","VIS","ProStriate_Area_L"
"5mv_L1",-16.6,-36.1,42.7,"Parietal","L",21,"CinguloOperc","CON","Area_5m_ventral_L"
"24dv_L",-9.4,-0.1,42.9,"Frontal","L",22,"CinguloOperc","CON","Ventral_Area_24d_L"
"SFL_L2",-3.8,12.1,64.6,"Frontal","L",23,"VentralAttn","VAN","Superior_Frontal_Language_Area_L"
"8BM_L1",-5.5,29.3,44,"Frontal","L",24,"FrontoParietal","FPN","Area_8BM_L"
"8BM_L2",-5.6,42.2,35.1,"Frontal","L",25,"Default","DMN","Area_8BM_L"
"23d_L",-1.7,-17.7,39.1,"Parietal","L",26,"Default","DMN","Area_23d_L"
"a24pr_L1",-8.4,14.6,33.8,"Frontal","L",27,"CinguloOperc","CON","Anterior_24_prime_L"
"a24pr_L2",-9,25.3,27.7,"Frontal","L",28,"CinguloOperc","CON","Anterior_24_prime_L"
"a32pr_L",-10,33.9,21.5,"Frontal","L",29,"Salience","SAL","Area_anterior_32_prime_L"
"5mv_L2",-10.7,-47.5,60.3,"Parietal","L",30,"SMhand","SMH","Area_5m_ventral_L"
"3b_L1",-15.6,-33.1,66.1,"Parietal","L",31,"SMhand","SMH","Primary_Sensory_Cortex_L"
"4_L2",-10.9,-29.3,69.5,"Frontal","L",32,"SMhand","SMH","Primary_Motor_Cortex_L"
"6mp_L1",-6.6,-20.4,74.2,"Frontal","L",33,"SMhand","SMH","Area_6mp_L"
"6mp_L2",-8,-8.7,62.9,"Frontal","L",34,"CinguloOperc","CON","Area_6mp_L"
"5m_L",-10.8,-41.1,64.9,"Parietal","L",35,"SMhand","SMH","Area_5m_L"
"4_L3",-5,-28.2,60.4,"Frontal","L",36,"SMhand","SMH","Primary_Motor_Cortex_L"
"24dd_L",-5.4,-15.9,48.8,"Frontal","L",37,"SMhand","SMH","Dorsal_Area_24d_L"
"3b_L2",-35.8,-29.7,54.5,"Parietal","L",38,"SMhand","SMH","Primary_Sensory_Cortex_L"
"4_L4",-41.5,-12.5,50.4,"Frontal","L",39,"SMmouth","SMM","Primary_Motor_Cortex_L"
"FEF_L",-42.1,-4.5,47.3,"Frontal","L",40,"CinguloOperc","CON","Frontal_Eye_Fields_L"
"6a_L1",-27.3,-6.8,46.3,"Frontal","L",41,"DorsalAttn","DAN","Area_6_anterior_L"
"i6-8_L",-27.3,1.9,52.9,"Frontal","L",42,"DorsalAttn","DAN","Inferior_6-8_Transitional_Area_L"
"6a_L2",-19.8,6.4,55.7,"Frontal","L",43,"DorsalAttn","DAN","Area_6_anterior_L"
"8Ad_L1",-19.5,30.1,45.5,"Frontal","L",44,"Default","DMN","Area_8Ad_L"
"4_L5",-36.8,-22.8,61.9,"Frontal","L",45,"SMhand","SMH","Primary_Motor_Cortex_L"
"4_L6",-20.5,-24.9,64.5,"Frontal","L",46,"SMhand","SMH","Primary_Motor_Cortex_L"
"6d_L",-23.4,-13.8,64.2,"Frontal","L",47,"SMhand","SMH","Dorsal_area_6_L"
"6a_L3",-17.2,-8.6,67.9,"Frontal","L",48,"SMhand","SMH","Area_6_anterior_L"
"6a_L4",-21.3,-0.2,62.7,"Frontal","L",49,"DorsalAttn","DAN","Area_6_anterior_L"
"2_L1",-28.6,-44.7,61.7,"Parietal","L",50,"SMhand","SMH","Area_2_L"
"LIPv_L",-31.1,-48.9,47.1,"Parietal","L",51,"DorsalAttn","DAN","Area_Lateral_IntraParietal_ventral_L"
"7PC_L",-42.9,-45,43,"Parietal","L",52,"DorsalAttn","DAN","Area_7PC_L"
"3b_L3",-51.5,-11.9,29.7,"Parietal","L",53,"SMmouth","SMM","Primary_Sensory_Cortex_L"
"2_L2",-54.1,-21.3,40.8,"Parietal","L",54,"SMhand","SMH","Area_2_L"
"PFt_L1",-51.7,-30.9,39.9,"Parietal","L",55,"DorsalAttn","DAN","Area_PFt_L"
"AIP_L",-35.2,-35.3,42,"Parietal","L",56,"SMhand","SMH","Anterior_IntraParietal_Area_L"
"2_L3",-27.5,-37.2,61.4,"Parietal","L",57,"SMhand","SMH","Area_2_L"
"2_L4",-47.2,-31.4,54.8,"Parietal","L",58,"SMhand","SMH","Area_2_L"
"3b_L4",-46.1,-17.8,52.7,"Parietal","L",59,"SMmouth","SMM","Primary_Sensory_Cortex_L"
"TPOJ1_L",-44.8,-54,14.6,"Temporal","L",60,"VentralAttn","VAN","Area_TemporoParietoOccipital_Junction_1_L"
"TPOJ2_L",-51.6,-55.9,11.4,"Parietal","L",61,"VentralAttn","VAN","Area_TemporoParietoOccipital_Junction_2_L"
"STSdp_L",-48.1,-40,2.4,"Temporal","L",62,"VentralAttn","VAN","Area_STSd_posterior_L"
"PF_L",-57.7,-40.6,35.8,"Parietal","L",63,"CinguloOperc","CON","Area_PF_Complex_L"
"PFcm_L1",-46.3,-41.4,25.9,"Parietal","L",64,"Auditory","AUD","Area_PFcm_L"
"RI_L2",-35.8,-33.5,19.9,"Parietal","L",65,"Auditory","AUD","RetroInsular_Cortex_L"
"LBelt_L1",-52.7,-20.6,5.4,"Temporal","L",66,"Auditory","AUD","Lateral_Belt_Complex_L"
"A4_L",-59.6,-38.5,16.5,"Temporal","L",67,"Auditory","AUD","Auditory_4_Complex_L"
"PBelt_L",-58.7,-29.9,11.1,"Temporal","L",68,"Auditory","AUD","ParaBelt_Complex_L"
"LBelt_L2",-40.6,-38.3,14.5,"Temporal","L",69,"Auditory","AUD","Lateral_Belt_Complex_L"
"Ig_L1",-33.7,-21.8,9.9,"Insula","L",70,"Auditory","AUD","Insular_Granular_Complex_L"
"52_L",-38.7,-16,-5.3,"Temporal","L",71,"CinguloOperc","CON","Area_52_L"
"PoI2_L",-39.1,-1.6,-12.2,"Insula","L",72,"CinguloOperc","CON","Posterior_Insular_Area_2_L"
"TGd_L2",-33.6,17.2,-31.5,"Temporal","L",73,"None","UNC","Area_TG_dorsal_L"
"IFSa_L1",-43.6,36.3,8.5,"Frontal","L",74,"DorsalAttn","DAN","Area_IFSa_L"
"44_L",-50,20.8,10.6,"Frontal","L",75,"VentralAttn","VAN","Area_44_L"
"FOP3_L",-37.7,2.9,11.7,"Insula","L",76,"CinguloOperc","CON","Frontal_Opercular_Area_3_L"
"Ig_L2",-37.2,-14,19.4,"Insula","L",77,"Auditory","AUD","Insular_Granular_Complex_L"
"p47r_L1",-40.3,50.4,-4.8,"Frontal","L",78,"FrontoParietal","FPN","Area_posterior_47r_L"
"p47r_L2",-47.2,39,-9.1,"Frontal","L",79,"VentralAttn","VAN","Area_posterior_47r_L"
"47s_L",-29.1,20.5,-14,"Frontal","L",80,"VentralAttn","VAN","Area_47s_L"
"MI_L1",-36.6,1.4,6.4,"Insula","L",81,"CinguloOperc","CON","Middle_Insular_Area_L"
"MI_L2",-37.3,8.9,-0.9,"Insula","L",82,"CinguloOperc","CON","Middle_Insular_Area_L"
"AAIC_L",-32.5,17.2,-7.8,"Insula","L",83,"Salience","SAL","Anterior_Agranular_Insula_Complex_L"
"FOP4_L",-28.8,23.7,8.4,"Frontal","L",84,"CinguloOperc","CON","Frontal_Opercular_Area_4_L"
"47l_L",-44.3,33.2,-7.2,"Frontal","L",85,"VentralAttn","VAN","Area_47l_(47_lateral)_L"
"45_L",-45.4,28.8,0.8,"Frontal","L",86,"VentralAttn","VAN","Area_45_L"
"MIP_L1",-20.4,-64.6,51.4,"Parietal","L",87,"DorsalAttn","DAN","Medial_IntraParietal_Area_L"
"MIP_L2",-25.8,-65,32.2,"Parietal","L",88,"DorsalAttn","DAN","Medial_IntraParietal_Area_L"
"POS2_L1",-12.7,-64.9,31.8,"Occipital","L",89,"CinguloParietal","CPN","Parieto-Occipital_Sulcus_Area_2_L"
"V6_L",-13.7,-77.4,26.6,"Occipital","L",90,"Visual","VIS","Sixth_Visual_Area_L"
"7Am_L1",-9.9,-56.9,59.8,"Parietal","L",91,"DorsalAttn","DAN","Medial_Area_7A_L"
"7Am_L2",-7.1,-63.7,54.9,"Parietal","L",92,"DorsalAttn","DAN","Medial_Area_7A_L"
"POS2_L2",-10.9,-73.4,42.9,"Occipital","L",93,"CinguloParietal","CPN","Parieto-Occipital_Sulcus_Area_2_L"
"PGs_L",-39.3,-73.9,38.3,"Parietal","L",94,"Default","DMN","Area_PGs_L"
"IP1_L",-30,-74.1,36.1,"Parietal","L",95,"DorsalAttn","DAN","Area_IntraParietal_1_L"
"LIPd_L",-34.1,-61,42.4,"Parietal","L",96,"FrontoParietal","FPN","Area_Lateral_IntraParietal_dorsal_L"
"V3CD_L",-31.3,-84.2,9,"Occipital","L",97,"Visual","VIS","Area_V3CD_L"
"LO1_L",-34.2,-86.6,-0.5,"Occipital","L",98,"Visual","VIS","Area_Lateral_Occipital_1_L"
"MT_L",-43.4,-67.6,9.7,"Occipital","L",99,"Visual","VIS","Middle_Temporal_Area_L"
"PH_L1",-46.2,-57.7,-7.9,"Temporal","L",100,"DorsalAttn","DAN","Area_PH_L"
"OP4_L",-59.8,-4.1,8.8,"Parietal","L",101,"CinguloOperc","CON","Area_OP4-PV_L"
"OP1_L1",-52.2,-14.1,15.2,"Parietal","L",102,"Auditory","AUD","Area_OP1-SII_L"
"PFcm_L2",-55.1,-32.3,23,"Parietal","L",103,"CinguloOperc","CON","Area_PFcm_L"
"OP1_L2",-50.6,-22.4,19.2,"Parietal","L",104,"Auditory","AUD","Area_OP1-SII_L"
"PFt_L2",-58.8,-23.9,31,"Parietal","L",105,"CinguloOperc","CON","Area_PFt_L"
"6r_L1",-45.2,2.7,32.4,"Frontal","L",106,"DorsalAttn","DAN","Rostral_Area_6_L"
"8C_L1",-34.7,5.6,34,"Frontal","L",107,"DorsalAttn","DAN","Area_8C_L"
"8C_L2",-43,19.4,33.5,"Frontal","L",108,"FrontoParietal","FPN","Area_8C_L"
"p9-46v_L",-40.2,23.6,23.3,"Frontal","L",109,"FrontoParietal","FPN","Area_posterior_9-46v_L"
"IFSa_L2",-37.6,38.4,17.2,"Frontal","L",110,"DorsalAttn","DAN","Area_IFSa_L"
"43_L",-51.8,-0.6,5,"Frontal","L",111,"CinguloOperc","CON","Area_43_L"
"6r_L2",-48.6,7.5,11.1,"Frontal","L",112,"CinguloOperc","CON","Rostral_Area_6_L"
"IFJa_L",-41.6,8.7,22.2,"Frontal","L",113,"DorsalAttn","DAN","Area_IFJa_L"
"a10p_L1",-27.5,53.6,0,"Frontal","L",114,"Default","DMN","Area_anterior_10p_L"
"a10p_L2",-23.4,61,-6.8,"Frontal","L",115,"None","UNC","Area_anterior_10p_L"
"10r_L",-5.9,54.8,-11.3,"Frontal","L",116,"Default","DMN","Area_10r_L"
"a24_L",-6.8,38.2,-9.4,"Frontal","L",117,"Default","DMN","Area_a24_L"
"Pir_L",-31.8,2.6,-16.8,"Temporal","L",118,"None","UNC","Pirform_Cortex_L"
"11l_L1",-34.7,35.6,-9.6,"Frontal","L",119,"None","UNC","Area_11l_L"
"13l_L",-22.5,32.1,-13.6,"Frontal","L",120,"None","UNC","Area_13l_L"
"11l_L2",-23.8,52.2,-12.8,"Frontal","L",121,"None","UNC","Area_11l_L"
"11l_L3",-17.3,46.6,-17.9,"Frontal","L",122,"None","UNC","Area_11l_L"
"OFC_L1",-13.3,24,-16.4,"Frontal","L",123,"None","UNC","Orbital_Frontal_Complex_L"
"OFC_L2",-8.9,45.5,-20.8,"Frontal","L",124,"None","UNC","Orbital_Frontal_Complex_L"
"10v_L",-2.5,33.8,-26.2,"Frontal","L",125,"None","UNC","Area_10v_L"
"TE1m_L",-63.2,-28.7,-7.2,"Temporal","L",126,"Default","DMN","Area_TE1_Middle_L"
"STSva_L",-53.1,-11.4,-16,"Temporal","L",127,"Default","DMN","Area_STSv_anterior_L"
"TE2a_L",-53.2,-13,-29.2,"Temporal","L",128,"None","UNC","Area_TE2_anterior_L"
"TGd_L3",-44.6,9,-37,"Temporal","L",129,"None","UNC","Area_TG_dorsal_L"
"PHA2_L",-33.8,-33.2,-15.4,"Temporal","L",130,"RetrosplenialTemporal","RTN","ParaHippocampal_Area_2_L"
"VMV3_L",-28.8,-58.8,-9.1,"Occipital","L",131,"Visual","VIS","VentroMedial_Visual_Area_3_L"
"VVC_L1",-34.4,-63.9,-15.7,"Temporal","L",132,"Visual","VIS","Ventral_Visual_Complex_L"
"TE1p_L2",-55.1,-39.6,-16.2,"Temporal","L",133,"None","UNC","Area_TE1_posterior_L"
"TGv_L",-32,-3.9,-45.2,"Temporal","L",134,"None","UNC","Area_TG_Ventral_L"
"TF_L",-38.6,-13,-26.9,"Temporal","L",135,"None","UNC","Area_TF_L"
"VVC_L2",-34.3,-43.8,-21.6,"Temporal","L",136,"Visual","VIS","Ventral_Visual_Complex_L"
"V2_L1",-5.4,-88,18.6,"Occipital","L",137,"Visual","VIS","Second_Visual_Area_L"
"V2_L2",-8.6,-77.5,-3.5,"Occipital","L",138,"Visual","VIS","Second_Visual_Area_L"
"PH_L2",-41.2,-72.1,-5.9,"Temporal","L",139,"Visual","VIS","Area_PH_L"
"V2_L3",-25.2,-97.2,-7.9,"Occipital","L",140,"Visual","VIS","Second_Visual_Area_L"
"V3_L",-22.6,-81.7,-11.7,"Occipital","L",141,"Visual","VIS","Third_Visual_Area_L"
"EC_L",-20.5,-12.6,-23.7,"Temporal","L",142,"None","UNC","Entorhinal_Cortex_L"
"PHA1_L",-22.5,-37.1,-15,"Temporal","L",143,"RetrosplenialTemporal","RTN","ParaHippocampal_Area_1_L"
"PreS_L",-22,-21.9,-17.4,"Temporal","L",144,"None","UNC","PreSubiculum_L"
"9p_L",-15.9,48.6,37.2,"Frontal","L",145,"Default","DMN","Area_9_Posterior_L"
"9a_L",-19.5,56.3,27.5,"Frontal","L",146,"Default","DMN","Area_9_anterior_L"
"9-46d_L1",-26.6,46.8,20.9,"Frontal","L",147,"CinguloOperc","CON","Area_9-46d_L"
"p10p_L",-21.3,63.1,1.9,"Frontal","L",148,"FrontoParietal","FPN","Area_posterior_10p_L"
"9-46d_L2",-28.6,50.9,10.1,"Frontal","L",149,"FrontoParietal","FPN","Area_9-46d_L"
"9m_L1",-6.5,54.7,18.1,"Frontal","L",150,"Default","DMN","Area_9_Middle_L"
"10d_L",-15.7,64.7,13.7,"Frontal","L",151,"Default","DMN","Area_10d_L"
"9m_L2",-6,44.9,6.3,"Frontal","L",152,"Default","DMN","Area_9_Middle_L"
"9-46d_L3",-28.8,38.3,28.2,"Frontal","L",153,"CinguloOperc","CON","Area_9-46d_L"
"8Ad_L2",-26.2,26.6,38.8,"Frontal","L",154,"Default","DMN","Area_8Ad_L"
"46_L",-35.7,33.1,32,"Frontal","L",155,"DorsalAttn","DAN","Area_46_L"
"8Av_L1",-29.3,16.8,50.7,"Frontal","L",156,"Default","DMN","Area_8Av_L"
"8Av_L2",-41.7,16.1,47.5,"Frontal","L",157,"Default","DMN","Area_8Av_L"
"55b_L",-38.7,4.8,48.4,"Frontal","L",158,"VentralAttn","VAN","Area_55b_L"
"STSda_L",-50.8,6.9,-20.1,"Temporal","L",159,"None","UNC","Area_STSd_anterior_L"
"MBelt_L",-54.4,-1.4,-0.7,"Temporal","L",160,"Auditory","AUD","Medial_Belt_Complex_L"
"A5_L",-59,-18,-3,"Temporal","L",161,"VentralAttn","VAN","Auditory_5_Complex_L"
"31pd_R",12.3,-51.6,34.5,"Parietal","R",162,"Default","DMN","Area_31pd_R"
"7AL_R",20.8,-48.2,66.1,"Parietal","R",163,"SMhand","SMH","Lateral_Area_7A_R"
"4_R1",49.6,-7.4,36.1,"Frontal","R",164,"SMmouth","SMM","Primary_Motor_Cortex_R"
"s6-8_R",11.9,21.9,59.9,"Frontal","R",165,"Default","DMN","Superior_6-8_Transitional_Area_R"
"V3A_R1",22,-84.6,23.7,"Occipital","R",166,"Visual","VIS","Area_V3A_R"
"PFm_R",47.9,-42.5,41.5,"Parietal","R",167,"FrontoParietal","FPN","Area_PFm_Complex_R"
"a9-46v_R",38.1,45.9,7.7,"Frontal","R",168,"FrontoParietal","FPN","Area_anterior_9-46v_R"
"VMV1_R1",22.3,-46.5,-9.9,"Occipital","R",169,"Visual","VIS","VentroMedial_Visual_Area_1_R"
"TE1p_R1",59.7,-41,-10.9,"Temporal","R",170,"FrontoParietal","FPN","Area_TE1_posterior_R"
"Ig_R",33.6,-22.3,13,"Insula","R",171,"Auditory","AUD","Insular_Granular_Complex_R"
"TGd_R1",32.5,13.6,-30.5,"Temporal","R",172,"None","UNC","Area_TG_dorsal_R"
"RSC_R",7.6,-27,28.4,"Parietal","R",173,"CinguloParietal","CPN","RetroSplenial_Complex_R"
"POS1_R",13.8,-54.1,10.9,"Parietal","R",174,"RetrosplenialTemporal","RTN","Parieto-Occipital_Sulcus_Area_1_R"
"V1_R",15.5,-74.1,9.4,"Occipital","R",175,"Visual","VIS","Primary_Visual_Cortex_R"
"ProS_R",19.6,-45.3,-4.4,"Parietal","R",176,"Visual","VIS","ProStriate_Area_R"
"VMV1_R2",15.6,-59.6,-5,"Occipital","R",177,"Visual","VIS","VentroMedial_Visual_Area_1_R"
"H_R1",24.9,-35.9,-4.8,"Temporal","R",178,"None","UNC","Hippocampus_R"
"PreS_R",19.4,-29.9,-9.7,"Temporal","R",179,"None","UNC","PreSubiculum_R"
"5mv_R",16.2,-33.1,43.2,"Parietal","R",180,"CinguloOperc","CON","Area_5m_ventral_R"
"SCEF_R1",6.7,5,55.9,"Frontal","R",181,"CinguloOperc","CON","Supplementary_and_Cingulate_Eye_Field_R"
"8BM_R1",7,25.7,47.3,"Frontal","R",182,"FrontoParietal","FPN","Area_8BM_R"
"a32pr_R",8.4,34.7,22.6,"Frontal","R",183,"Salience","SAL","Area_anterior_32_prime_R"
"a24_R",7.7,44.1,5.5,"Frontal","R",184,"Default","DMN","Area_a24_R"
"p24pr_R",8.6,4.2,40.1,"Frontal","R",185,"CinguloOperc","CON","Area_Posterior_24_prime_R"
"23d_R",3,-19.6,37.9,"Parietal","R",186,"Default","DMN","Area_23d_R"
"p32pr_R",8.8,10.8,45.9,"Frontal","R",187,"CinguloOperc","CON","Area_p32_prime_R"
"a24pr_R",6,21.8,32.4,"Frontal","R",188,"CinguloOperc","CON","Anterior_24_prime_R"
"7Am_R",10.3,-57.3,58.3,"Parietal","R",189,"DorsalAttn","DAN","Medial_Area_7A_R"
"3b_R1",16.5,-32.8,67.7,"Frontal","R",190,"SMhand","SMH","Primary_Sensory_Cortex_R"
"4_R2",4.8,-27.1,64.8,"Frontal","R",191,"SMhand","SMH","Primary_Motor_Cortex_R"
"6ma_R1",16.2,0.8,67.5,"Frontal","R",192,"CinguloOperc","CON","Area_6m_anterior_R"
"5L_R",11.9,-40.7,67,"Parietal","R",193,"SMhand","SMH","Area_5L_R"
"24dd_R1",5.1,-17.1,51.6,"Frontal","R",194,"SMhand","SMH","Dorsal_Area_24d_R"
"24dd_R2",6.8,-8.1,50.9,"Frontal","R",195,"SMhand","SMH","Dorsal_Area_24d_R"
"SCEF_R2",8,-6.2,63.7,"Frontal","R",196,"CinguloOperc","CON","Supplementary_and_Cingulate_Eye_Field_R"
"4_R3",42.3,-11,47.3,"Frontal","R",197,"SMmouth","SMM","Primary_Motor_Cortex_R"
"FEF_R",42.5,-2.3,47.2,"Frontal","R",198,"CinguloOperc","CON","Frontal_Eye_Fields_R"
"6a_R1",29.2,1.9,52.4,"Frontal","R",199,"DorsalAttn","DAN","Area_6_anterior_R"
"8Ad_R1",21.9,21,46.2,"Frontal","R",200,"Default","DMN","Area_8Ad_R"
"4_R4",38.1,-22.4,60.3,"Frontal","R",201,"SMhand","SMH","Primary_Motor_Cortex_R"
"4_R5",19.7,-25,65.2,"Frontal","R",202,"SMhand","SMH","Primary_Motor_Cortex_R"
"6a_R2",29.9,-7.8,47.4,"Frontal","R",203,"DorsalAttn","DAN","Area_6_anterior_R"
"4_R6",12.4,-28.3,69.6,"Frontal","R",204,"SMhand","SMH","Primary_Motor_Cortex_R"
"6d_R",29.2,-13.5,64.2,"Frontal","R",205,"SMhand","SMH","Dorsal_area_6_R"
"6mp_R1",17,-16.9,70.9,"Frontal","R",206,"SMhand","SMH","Area_6mp_R"
"6mp_R2",20.9,-6.4,65,"Frontal","R",207,"SMhand","SMH","Area_6mp_R"
"6ma_R2",22.6,5.6,57.6,"Frontal","R",208,"DorsalAttn","DAN","Area_6m_anterior_R"
"7PC_R1",29.5,-42.5,60.4,"Parietal","R",209,"SMhand","SMH","Area_7PC_R"
"7PC_R2",34.2,-40.6,51.6,"Parietal","R",210,"SMhand","SMH","Area_7PC_R"
"IP2_R1",38.8,-42.6,40.4,"Parietal","R",211,"DorsalAttn","DAN","Area_IntraParietal_2_R"
"3b_R2",53.9,-8.3,26.1,"Frontal","R",212,"SMmouth","SMM","Primary_Sensory_Cortex_R"
"AIP_R1",39.6,-31.5,39.7,"Parietal","R",213,"SMhand","SMH","Anterior_IntraParietal_Area_R"
"1_R",28,-34.8,63.1,"Parietal","R",214,"SMhand","SMH","Area_1_R"
"2_R1",39.2,-34.6,57.5,"Parietal","R",215,"SMhand","SMH","Area_2_R"
"3a_R",37.3,-25.9,50.9,"Frontal","R",216,"SMhand","SMH","Area_3a_R"
"2_R2",48.7,-26.1,52.2,"Parietal","R",217,"SMhand","SMH","Area_2_R"
"3b_R3",47.8,-15.1,49.3,"Frontal","R",218,"SMmouth","SMM","Primary_Sensory_Cortex_R"
"PSL_R",57.5,-40.3,34.7,"Parietal","R",219,"CinguloOperc","CON","PeriSylvian_Language_Area_R"
"PGi_R1",48.9,-53,28.6,"Parietal","R",220,"Default","DMN","Area_PGi_R"
"TPOJ1_R1",57.5,-45.3,9,"Temporal","R",221,"VentralAttn","VAN","Area_TemporoParietoOccipital_Junction_1_R"
"TE1p_R2",60.9,-38.7,1.7,"Temporal","R",222,"VentralAttn","VAN","Area_TE1_posterior_R"
"PF_R",54.9,-27,29.6,"Parietal","R",223,"CinguloOperc","CON","Area_PF_Complex_R"
"RI_R",36.4,-30.7,19.4,"Parietal","R",224,"Auditory","AUD","RetroInsular_Cortex_R"
"STSvp_R",62.5,-25.6,-5.5,"Temporal","R",225,"Default","DMN","Area_STSv_posterior_R"
"A5_R1",57.1,-17,-2.6,"Temporal","R",226,"VentralAttn","VAN","Auditory_5_Complex_R"
"LBelt_R",53.8,-15.8,5.2,"Temporal","R",227,"Auditory","AUD","Lateral_Belt_Complex_R"
"TPOJ1_R2",47.4,-39.6,13.2,"Temporal","R",228,"VentralAttn","VAN","Area_TemporoParietoOccipital_Junction_1_R"
"STSdp_R1",45.5,-37.3,3.4,"Temporal","R",229,"VentralAttn","VAN","Area_STSd_posterior_R"
"STV_R",59.2,-38.6,14.6,"Parietal","R",230,"Auditory","AUD","Superior_Temporal_Visual_Area_R"
"STSdp_R2",48.5,-26.5,-0.1,"Temporal","R",231,"VentralAttn","VAN","Area_STSd_posterior_R"
"A5_R2",61.7,-24,1.3,"Temporal","R",232,"Auditory","AUD","Auditory_5_Complex_R"
"PBelt_R1",60,-25.2,10.2,"Temporal","R",233,"Auditory","AUD","ParaBelt_Complex_R"
"PoI1_R",38.8,-14.4,-5,"Insula","R",234,"CinguloOperc","CON","Area_Posterior_Insular_1_R"
"PoI2_R1",39.7,1.2,-13.1,"Insula","R",235,"CinguloOperc","CON","Posterior_Insular_Area_2_R"
"p9-46v_R1",36.8,37.8,13.1,"Frontal","R",236,"DorsalAttn","DAN","Area_posterior_9-46v_R"
"44_R",52.5,23.7,10.3,"Frontal","R",237,"VentralAttn","VAN","Area_44_R"
"FOP3_R",36.7,5.2,12.7,"Insula","R",238,"CinguloOperc","CON","Frontal_Opercular_Area_3_R"
"OP2-3_R",38.4,-12.2,20,"Parietal","R",239,"Auditory","AUD","Area_OP2-3-VS_R"
"p47r_R1",42.8,48.3,-5.1,"Frontal","R",240,"FrontoParietal","FPN","Area_posterior_47r_R"
"p47r_R2",48.1,38.3,-9.2,"Frontal","R",241,"VentralAttn","VAN","Area_posterior_47r_R"
"45_R",45.2,30.7,-5.6,"Frontal","R",242,"VentralAttn","VAN","Area_45_R"
"AAIC_R",27.4,19.7,-14.9,"Insula","R",243,"VentralAttn","VAN","Anterior_Agranular_Insula_Complex_R"
"PoI2_R2",36.6,-10,12.4,"Insula","R",244,"Auditory","AUD","Posterior_Insular_Area_2_R"
"MI_R1",39.6,10.4,-1.6,"Insula","R",245,"CinguloOperc","CON","Middle_Insular_Area_R"
"MI_R2",36.5,5.7,6,"Insula","R",246,"CinguloOperc","CON","Middle_Insular_Area_R"
"AVI_R1",30.6,22.8,-4.7,"Insula","R",247,"Salience","SAL","Anterior_Ventral_Insular_Area_R"
"AVI_R2",33.7,22.6,3.7,"Insula","R",248,"CinguloOperc","CON","Anterior_Ventral_Insular_Area_R"
"FOP5_R",34,24.4,10,"Insula","R",249,"CinguloOperc","CON","Area_Frontal_Opercular_5_R"
"IFSa_R",48.1,38.4,2.4,"Frontal","R",250,"DorsalAttn","DAN","Area_IFSa_R"
"LIPv_R",26.8,-55,54.2,"Parietal","R",251,"Visual","VIS","Area_Lateral_IntraParietal_ventral_R"
"MIP_R",23,-66.4,51.8,"Parietal","R",252,"DorsalAttn","DAN","Medial_IntraParietal_Area_R"
"IP0_R1",32.3,-63.6,33.8,"Parietal","R",253,"DorsalAttn","DAN","Area_IntraParietal_0_R"
"POS2_R",15.6,-69.5,39.6,"Parietal","R",254,"CinguloParietal","CPN","Parieto-Occipital_Sulcus_Area_2_R"
"V6_R",17.6,-78.3,34,"Occipital","R",255,"Visual","VIS","Sixth_Visual_Area_R"
"V3A_R2",7.7,-85.6,31.6,"Occipital","R",256,"Visual","VIS","Area_V3A_R"
"7Pm_R",7.4,-69.3,49.9,"Parietal","R",257,"Default","DMN","Medial_Area_7P_R"
"IP0_R2",35.4,-77.1,21.1,"Parietal","R",258,"Visual","VIS","Area_IntraParietal_0_R"
"PGi_R2",46.5,-67.3,36.2,"Parietal","R",259,"Default","DMN","Area_PGi_R"
"IP2_R2",41.5,-53.5,44,"Parietal","R",260,"FrontoParietal","FPN","Area_IntraParietal_2_R"
"IP2_R3",35.7,-56.7,45.2,"Parietal","R",261,"FrontoParietal","FPN","Area_IntraParietal_2_R"
"AIP_R2",33.5,-48.2,49.4,"Parietal","R",262,"DorsalAttn","DAN","Anterior_IntraParietal_Area_R"
"V4_R",31.7,-85.7,2.4,"Occipital","R",263,"Visual","VIS","Fourth_Visual_Area_R"
"MST_R",43.8,-67.2,2,"Occipital","R",264,"Visual","VIS","Medial_Superior_Temporal_Area_R"
"PH_R",47.3,-52.4,-11.7,"Temporal","R",265,"Visual","VIS","Area_PH_R"
"PHT_R",57,-53.8,-1.1,"Temporal","R",266,"DorsalAttn","DAN","Area_PHT_R"
"TPOJ2_R",49,-54.5,8.8,"Parietal","R",267,"Visual","VIS","Area_TemporoParietoOccipital_Junction_2_R"
"43_R",60.9,-2.2,10.7,"Frontal","R",268,"Auditory","AUD","Area_43_R"
"OP4_R",54.2,-13.6,16.9,"Parietal","R",269,"Auditory","AUD","Area_OP4-PV_R"
"PFt_R",53,-22.7,39.1,"Parietal","R",270,"SMhand","SMH","Area_PFt_R"
"PEF_R",47.3,2,37.6,"Frontal","R",271,"DorsalAttn","DAN","Premotor_Eye_Field_R"
"8C_R",37.8,28.7,35.6,"Frontal","R",272,"FrontoParietal","FPN","Area_8C_R"
"p9-46v_R2",41.8,29.1,21.6,"Frontal","R",273,"FrontoParietal","FPN","Area_posterior_9-46v_R"
"FOP1_R",50.1,3,3.9,"Frontal","R",274,"CinguloOperc","CON","Frontal_Opercular_Area_1_R"
"6r_R",46.6,7.8,19.3,"Frontal","R",275,"DorsalAttn","DAN","Rostral_Area_6_R"
"IFSp_R",38.6,18.8,25.5,"Frontal","R",276,"FrontoParietal","FPN","Area_IFSp_R"
"a10p_R",28.4,57,-5.1,"Frontal","R",277,"FrontoParietal","FPN","Area_anterior_10p_R"
"10d_R",4.8,65.1,-7.1,"Frontal","R",278,"Default","DMN","Area_10d_R"
"10r_R",7.2,48.4,-10.1,"Frontal","R",279,"Default","DMN","Area_10r_R"
"OFC_R1",2.9,18.7,-23.2,"Frontal","R",280,"None","UNC","Orbital_Frontal_Complex_R"
"a47r_R",35.1,37.3,-8.4,"Frontal","R",281,"None","UNC","Area_anterior_47r_R"
"Pir_R",25.4,8.9,-15.7,"Temporal","R",282,"None","UNC","Pirform_Cortex_R"
"13l_R",21.2,30.3,-15.2,"Frontal","R",283,"None","UNC","Area_13l_R"
"11l_R",21.6,51.1,-14.1,"Frontal","R",284,"None","UNC","Area_11l_R"
"OFC_R2",11.9,25.7,-24.8,"Frontal","R",285,"None","UNC","Orbital_Frontal_Complex_R"
"pOFC_R",13.5,20.3,-15.2,"Frontal","R",286,"None","UNC","posterior_OFC_Complex_R"
"OFC_R3",10.9,39.1,-19.7,"Frontal","R",287,"None","UNC","Orbital_Frontal_Complex_R"
"10v_R",2.2,39,-25.6,"Frontal","R",288,"None","UNC","Area_10v_R"
"TE1m_R",62.3,-26.4,-16,"Temporal","R",289,"None","UNC","Area_TE1_Middle_R"
"STSva_R",57.5,-7.4,-16.4,"Temporal","R",290,"Default","DMN","Area_STSv_anterior_R"
"TE2a_R1",54.7,-7.8,-26.9,"Temporal","R",291,"None","UNC","Area_TE2_anterior_R"
"STGa_R",45.2,13.6,-30.1,"Temporal","R",292,"None","UNC","Area_STGa_R"
"VMV2_R",31.2,-45.6,-5.8,"Occipital","R",293,"Visual","VIS","VentroMedial_Visual_Area_2_R"
"PHA2_R1",34.6,-35.6,-12.3,"Temporal","R",294,"RetrosplenialTemporal","RTN","ParaHippocampal_Area_2_R"
"PHA2_R2",34.6,-23.9,-20.4,"Temporal","R",295,"RetrosplenialTemporal","RTN","ParaHippocampal_Area_2_R"
"EC_R1",20.1,-21.4,-21.5,"Temporal","R",296,"None","UNC","Entorhinal_Cortex_R"
"PeEc_R1",28,-0.4,-37.3,"Temporal","R",297,"None","UNC","Perirhinal_Ectorhinal_Cortex_R"
"VMV3_R",26.9,-69.1,-6.6,"Occipital","R",298,"Visual","VIS","VentroMedial_Visual_Area_3_R"
"FFC_R",34.9,-44,-20,"Temporal","R",299,"Visual","VIS","Fusiform_Face_Complex_R"
"TGd_R2",36.8,7.7,-37.9,"Temporal","R",300,"None","UNC","Area_TG_dorsal_R"
"TE2a_R2",54.5,-9.6,-37,"Temporal","R",301,"None","UNC","Area_TE2_anterior_R"
"TE2a_R3",56.4,-27,-19.4,"Temporal","R",302,"None","UNC","Area_TE2_anterior_R"
"TGv_R",31.1,2.2,-46.1,"Temporal","R",303,"None","UNC","Area_TG_Ventral_R"
"TF_R1",39.5,-11.9,-29.7,"Temporal","R",304,"None","UNC","Area_TF_R"
"PeEc_R2",31.6,-9.4,-35.5,"Temporal","R",305,"None","UNC","Perirhinal_Ectorhinal_Cortex_R"
"TF_R2",43.4,-24.1,-20.8,"Temporal","R",306,"None","UNC","Area_TF_R"
"V3_R1",13.8,-92.3,14.7,"Occipital","R",307,"Visual","VIS","Third_Visual_Area_R"
"V2_R1",10.5,-73.8,-1.5,"Occipital","R",308,"Visual","VIS","Second_Visual_Area_R"
"V3_R2",20.4,-87.3,-6.6,"Occipital","R",309,"Visual","VIS","Third_Visual_Area_R"
"V2_R2",5.1,-80.2,23.1,"Occipital","R",310,"Visual","VIS","Second_Visual_Area_R"
"V2_R3",14.6,-70.3,23.3,"Occipital","R",311,"Visual","VIS","Second_Visual_Area_R"
"EC_R2",19.5,-10.8,-24.9,"Temporal","R",312,"None","UNC","Entorhinal_Cortex_R"
"PHA1_R",24.5,-36.2,-13.2,"Temporal","R",313,"RetrosplenialTemporal","RTN","ParaHippocampal_Area_1_R"
"H_R2",30.4,-18.8,-19.4,"Temporal","R",314,"None","UNC","Hippocampus_R"
"8Ad_R2",21,32.8,42.1,"Frontal","R",315,"Default","DMN","Area_8Ad_R"
"9p_R",21.4,42.8,35.1,"Frontal","R",316,"Default","DMN","Area_9_Posterior_R"
"9-46d_R1",24.4,50.8,24.3,"Frontal","R",317,"CinguloOperc","CON","Area_9-46d_R"
"46_R",31.3,39.7,25.6,"Frontal","R",318,"CinguloOperc","CON","Area_46_R"
"p10p_R",23.5,59.1,4.9,"Frontal","R",319,"FrontoParietal","FPN","Area_posterior_10p_R"
"9-46d_R2",30.9,52.2,9.9,"Frontal","R",320,"FrontoParietal","FPN","Area_9-46d_R"
"9a_R",16,61,19.8,"Frontal","R",321,"Default","DMN","Area_9_anterior_R"
"9m_R1",8.2,53.8,14,"Frontal","R",322,"Default","DMN","Area_9_Middle_R"
"9m_R2",5.9,54.9,29.4,"Frontal","R",323,"Default","DMN","Area_9_Middle_R"
"8BL_R",13.8,46.7,42.1,"Frontal","R",324,"Default","DMN","Area_8B_Lateral_R"
"8BM_R2",6.8,44.5,34.8,"Frontal","R",325,"Default","DMN","Area_8BM_R"
"i6-8_R",30.6,18.9,48.7,"Frontal","R",326,"Default","DMN","Inferior_6-8_Transitional_Area_R"
"8Av_R1",42.4,19.5,48.2,"Frontal","R",327,"FrontoParietal","FPN","Area_8Av_R"
"8Av_R2",38.9,9.6,42.7,"Frontal","R",328,"FrontoParietal","FPN","Area_8Av_R"
"MBelt_R",39.7,-22.5,2.6,"Temporal","R",329,"Auditory","AUD","Medial_Belt_Complex_R"
"PBelt_R2",55.8,2,-2,"Temporal","R",330,"Auditory","AUD","ParaBelt_Complex_R"
"STSda_R",54.4,1.1,-12.9,"Temporal","R",331,"Default","DMN","Area_STSd_anterior_R"
"A5_R3",57.1,-6.3,-7.7,"Temporal","R",332,"VentralAttn","VAN","Auditory_5_Complex_R"
"STSdp_R3",46.6,-21.5,-8.5,"Temporal","R",333,"VentralAttn","VAN","Area_STSd_posterior_R"
"Thalamus r",10.8,-18.3,6.62,"Subcortical","R",334,"Subcortical","SUB","Thalamus r"
"Thalamus l",-9.99,-19.2,6.3,"Subcortical","L",335,"Subcortical","SUB","Thalamus l"
"Caudate r",13.3,10,10.5,"Subcortical","R",336,"Subcortical","SUB","Caudate r"
"Caudate l",-12.8,8.98,9.74,"Subcortical","L",337,"Subcortical","SUB","Caudate l"
"Putamen r",25.5,1.78,0.303,"Subcortical","R",338,"Subcortical","SUB","Putamen r"
"Putamen l",-24.9,0.482,0.34,"Subcortical","L",339,"Subcortical","SUB","Putamen l"
"Pallidum r",19.9,-4.01,-1.19,"Subcortical","R",340,"Subcortical","SUB","Pallidum r"
"Pallidum l",-19,-5.12,-1.33,"Subcortical","L",341,"Subcortical","SUB","Pallidum l"
"Hippocampus r",26.5,-21,-14.3,"Subcortical","R",342,"Subcortical","SUB","Hippocampus r"
"Hippocampus l",-25.2,-23.2,-13.8,"Subcortical","L",343,"Subcortical","SUB","Hippocampus l"
"Amygdala r",23.1,-3.99,-17.7,"Subcortical","R",344,"Subcortical","SUB","Amygdala r"
"Amygdala l",-23,-4.95,-17.7,"Subcortical","L",345,"Subcortical","SUB","Amygdala l"
"Accumbens r",9.37,12.2,-6.53,"Subcortical","R",346,"Subcortical","SUB","Accumbens r"
"Accumbens l",-9.46,11.5,-7.17,"Subcortical","L",347,"Subcortical","SUB","Accumbens l"
"Brain-Stem",0.488,-29.7,-35,"Subcortical","",348,"Subcortical","SUB","Brain-Stem"
"Cereb1 l",-36.5,-66,-29.8,"Cerebellum","L",349,"Cerebellar","CBL","Cerebelum Crus1 Left"
"Cereb1 r",37.6,-67,-29.8,"Cerebellum","R",350,"Cerebellar","CBL","Cerebelum Crus1 Right"
"Cereb2 l",-28.6,-73.3,-38.2,"Cerebellum","L",351,"Cerebellar","CBL","Cerebelum Crus2 Left"
"Cereb2 r",32.1,-69,-39.9,"Cerebellum","R",352,"Cerebellar","CBL","Cerebelum Crus2 Right"
"Cereb3 l",-8.8,-37.2,-18.6,"Cerebellum","L",353,"Cerebellar","CBL","Cerebelum 3 Left"
"Cereb3 r",12,-34.9,-19.3,"Cerebellum","R",354,"Cerebellar","CBL","Cerebelum 3 Right"
"Cereb45 l",-13.9,-44.2,-17.1,"Cerebellum","L",355,"Cerebellar","CBL","Cerebelum 4 5 Left"
"Cereb45 r",16.2,-44.3,-18.6,"Cerebellum","R",356,"Cerebellar","CBL","Cerebelum 4 5 Right"
"Cereb6 l",-22.8,-58,-23.7,"Cerebellum","L",357,"Cerebellar","CBL","Cerebelum 6 Left"
"Cereb6 r",24.5,-57.5,-24.5,"Cerebellum","R",358,"Cerebellar","CBL","Cerebelum 6 Right"
"Cereb7 l",-32.4,-59.8,-45.4,"Cerebellum","L",359,"Cerebellar","CBL","Cerebelum 7b Left"
"Cereb7 r",33.1,-63.2,-48.5,"Cerebellum","R",360,"Cerebellar","CBL","Cerebelum 7b Right"
"Cereb8 l",-25.8,-54.5,-47.7,"Cerebellum","L",361,"Cerebellar","CBL","Cerebelum 8 Left"
"Cereb8 r",25.1,-56.3,-49.5,"Cerebellum","R",362,"Cerebellar","CBL","Cerebelum 8 Right"
"Cereb9 l",-10.9,-49,-45.9,"Cerebellum","L",363,"Cerebellar","CBL","Cerebelum 9 Left"
"Cereb9 r",9.46,-49.5,-46.3,"Cerebellum","R",364,"Cerebellar","CBL","Cerebelum 9 Right"
"Cereb10 l",-22.6,-33.8,-41.8,"Cerebellum","L",365,"Cerebellar","CBL","Cerebelum 10 Left"
"Cereb10 r",26,-33.8,-41.3,"Cerebellum","R",366,"Cerebellar","CBL","Cerebelum 10 Right"
"Ver12",0.757,-38.8,-20,"Cerebellum","",367,"Cerebellar","CBL","Vermis 1 2"
"Ver3",1.38,-39.9,-11.4,"Cerebellum","",368,"Cerebellar","CBL","Vermis 3"
"Ver45",1.21,-52.2,-6.69,"Cerebellum","",369,"Cerebellar","CBL","Vermis 4 5"
"Ver6",1.17,-66.5,-15.8,"Cerebellum","",370,"Cerebellar","CBL","Vermis 6"
"Ver7",1.15,-71.9,-25.1,"Cerebellum","",371,"Cerebellar","CBL","Vermis 7"
"Ver8",1.15,-64.4,-34.1,"Cerebellum","",372,"Cerebellar","CBL","Vermis 8"
"Ver9",0.865,-54.9,-34.9,"Cerebellum","",373,"Cerebellar","CBL","Vermis 9"
"Ver10",0.356,-45.8,-31.7,"Cerebellum","",374,"Cerebellar","CBL","Vermis 10"
